pcode_ts,const,pop_hh_rate,hh_m_rate,hh_f_rate,pop_r_rate,pop_u_rate,govemp_rate,priemp_rate,empyr_rate,ownacc_rate,unpfam_rate,seekw_rate,stu_rate,hhwork_rate,retir_rate,ill_rate,ownshp_own_rate,ownshp_rent_rate,housing_apt,housing_bung,housing_wood,housing_bamb,light_elec_rate,light_substitute_rate
MMR001001,1,0.00592,0.12718,0.05809,0.25046,0.86839,0.05301,0.14173,0.01602,0.20323,0.0377,0.02813,0.22305,0.19156,0.0525,0.00766,0.67204,0.19321,0.0,0.0,1e-05,0.35432,0.09433,0.06966
MMR001002,1,0.00248,0.13503,0.05748,0.83276,0.22448,0.02222,0.09445,0.01218,0.26867,0.10834,0.02726,0.20933,0.17091,0.04662,0.00783,0.86203,0.05682,0.0,0.0,1e-05,0.61142,0.02297,0.12317
MMR001003,1,3e-05,0.16338,0.03732,0.90634,0.31338,0.06051,0.16415,0.02496,0.23071,0.24357,0.00151,0.19818,0.03782,0.02269,0.00303,0.96491,0.00702,4e-05,0.0,0.00018,0.90526,0.0331,0.12254
MMR001004,1,0.00102,0.14452,0.0303,0.46338,0.767,0.03047,0.10975,0.01888,0.3506,0.10215,0.0146,0.1737,0.15109,0.02835,0.00426,0.8886,0.04726,0.0,0.0,4e-05,0.54151,0.02864,0.11308
MMR001005,1,0.0004,0.13938,0.03307,0.89979,0.14554,0.06577,0.04151,0.00969,0.26019,0.15456,0.04941,0.18164,0.15078,0.0323,0.00866,0.9144,0.0493,1e-05,1e-05,0.00021,0.21416,0.05827,0.11377
MMR001006,1,0.00014,0.13771,0.02739,0.9463,0.05662,0.02618,0.02225,0.00327,0.33944,0.22688,0.0144,0.2127,0.09555,0.02247,0.00698,0.9767,0.0028,0.0,0.0,0.00049,0.44828,0.02339,0.14002
MMR001007,1,0.00407,0.14057,0.06247,0.78225,0.29026,0.03675,0.11808,0.02149,0.23463,0.09192,0.023,0.1935,0.18499,0.05848,0.00552,0.8966,0.04253,0.0,0.0,1e-05,0.37802,0.06086,0.09949
MMR001008,1,0.00265,0.13889,0.05747,0.84858,0.19726,0.04044,0.09948,0.01976,0.23921,0.08164,0.02449,0.19867,0.20983,0.05609,0.00603,0.88802,0.04101,0.0,0.0,2e-05,0.41104,0.08531,0.08455
MMR001009,1,0.00354,0.18332,0.0328,1.56846,0.38854,0.00937,0.31862,0.02779,0.2797,0.04337,0.01454,0.10866,0.14553,0.01829,0.00225,0.81819,0.12421,0.0,0.0,1e-05,0.37718,0.03154,0.15174
MMR001010,1,0.00247,0.14364,0.06057,0.65235,0.49611,0.0475,0.10747,0.01336,0.28932,0.10213,0.01735,0.18039,0.14094,0.05767,0.0069,0.83958,0.06966,0.0,0.0,2e-05,0.36426,0.08382,0.08504
MMR001011,1,0.00177,0.13666,0.05979,0.87536,0.24492,0.02599,0.12606,0.02227,0.25618,0.16863,0.01581,0.16909,0.13678,0.05302,0.00602,0.91643,0.02599,0.0,0.0,3e-05,0.31761,0.04221,0.10264
MMR001012,1,0.00122,0.14389,0.06702,0.71469,0.358,0.04518,0.08478,0.05204,0.22512,0.18544,0.01575,0.18124,0.11691,0.05911,0.00956,0.85182,0.0401,0.0,1e-05,2e-05,0.49111,0.05923,0.09204
MMR001013,1,0.00107,0.13977,0.06637,0.87501,0.15911,0.02582,0.05923,0.01691,0.4063,0.10058,0.02978,0.17782,0.10739,0.04712,0.00664,0.86631,0.02426,0.0,1e-05,4e-05,0.40885,0.05166,0.11502
MMR001014,1,0.00122,0.14442,0.03878,0.76901,0.27246,0.04223,0.1039,0.00385,0.18799,0.119,0.01981,0.25034,0.19974,0.04571,0.00996,0.90915,0.03211,0.0,0.0,4e-05,0.53933,0.01675,0.12375
MMR001015,1,5e-05,0.15925,0.03992,0.58586,0.47277,0.08254,0.06519,0.00736,0.34963,0.04469,0.01314,0.24132,0.14669,0.0326,0.00526,0.93319,0.01879,3e-05,0.0,0.00027,0.84969,0.0499,0.12557
MMR001016,1,0.00017,0.14462,0.06118,0.78331,0.27715,0.08723,0.04712,0.00606,0.29342,0.14104,0.01337,0.21956,0.12813,0.03608,0.01586,0.87958,0.03083,2e-05,0.0,0.00019,0.62769,0.03568,0.13181
MMR001018,1,0.00024,0.12909,0.01796,0.96304,0.03868,0.01306,0.00632,0.00811,0.20887,0.18022,0.01243,0.2964,0.21982,0.04066,0.00179,0.99123,0.0,0.0,0.0,0.0001,0.83226,0.01255,0.13434
MMR001017,1,0.00015,0.14178,0.03075,0.69566,0.31829,0.07697,0.04295,0.00097,0.19261,0.124,0.09446,0.26803,0.14519,0.03304,0.01224,0.94637,0.0132,0.0,0.0,0.00021,0.75,0.02548,0.12413
MMR002001,1,0.00255,0.16461,0.05217,0.63042,0.42013,0.07037,0.13054,0.01882,0.25012,0.09941,0.01824,0.18615,0.14123,0.04986,0.00708,0.78671,0.08243,0.0,1e-05,2e-05,0.23136,0.14665,0.04395
MMR002002,1,0.00163,0.15278,0.04381,0.94251,0.072,0.03222,0.06951,0.01054,0.28548,0.19331,0.0219,0.18629,0.13309,0.04173,0.00873,0.95497,0.01062,0.0,1e-05,3e-05,0.20356,0.07656,0.06672
MMR002003,1,0.00059,0.15979,0.04891,0.88756,0.14973,0.05182,0.03906,0.00566,0.34813,0.26852,0.01235,0.17301,0.05257,0.02975,0.00514,0.93638,0.00728,1e-05,2e-05,7e-05,0.39865,0.04368,0.13242
MMR002004,1,0.00014,0.17695,0.03771,0.78916,0.24015,0.05196,0.02289,0.00577,0.49214,0.18953,0.01015,0.14095,0.04141,0.02946,0.00816,0.96444,0.0064,0.0,0.0,0.00022,0.67568,0.05115,0.0
MMR002005,1,0.00019,0.1756,0.05208,0.60416,0.59891,0.15489,0.12209,0.00899,0.31068,0.08828,0.00786,0.13254,0.12749,0.02954,0.00584,0.79481,0.0495,6e-05,1e-05,0.00027,0.2321,0.10295,0.10919
MMR002006,1,0.00048,0.16873,0.03865,0.98348,0.13793,0.04446,0.24087,0.02286,0.23885,0.08594,0.00843,0.15018,0.15583,0.03114,0.00399,0.89584,0.02704,0.0,0.0,6e-05,0.53138,0.05302,0.10533
MMR002007,1,0.00012,0.19757,0.03459,0.94615,0.18063,0.10514,0.13086,0.00664,0.24513,0.17234,0.01389,0.14455,0.13086,0.02281,0.00373,0.85714,0.00845,5e-05,1e-05,0.0005,0.23963,0.03691,0.15014
MMR003001,1,0.00847,0.15834,0.06143,0.85361,0.18515,0.03488,0.09867,0.01408,0.20304,0.07157,0.04075,0.17182,0.21082,0.05981,0.01006,0.86997,0.05997,0.0,0.0,1e-05,0.13736,0.08386,0.12684
MMR003002,1,0.00541,0.14285,0.06198,0.96307,0.06214,0.01791,0.07707,0.01088,0.182,0.09123,0.06441,0.14457,0.23739,0.0628,0.01031,0.95552,0.0115,0.0,0.0,1e-05,0.15147,0.01727,0.1718
MMR003004,1,0.00197,0.1727,0.03015,0.79384,0.22413,0.03798,0.04142,0.00689,0.32157,0.11336,0.02703,0.18072,0.19683,0.03641,0.00769,0.9384,0.01061,0.0,0.0,2e-05,0.39859,0.03782,0.12283
MMR003003,1,0.00068,0.1217,0.07702,0.54296,0.52936,0.08534,0.13939,0.00728,0.14857,0.05566,0.04816,0.20386,0.21293,0.04222,0.0087,0.81436,0.03214,1e-05,0.0,9e-05,0.26423,0.02063,0.15517
MMR003005,1,0.0042,0.17952,0.0392,0.46689,0.57929,0.02704,0.19428,0.01913,0.20649,0.06658,0.02834,0.13098,0.22458,0.03445,0.00609,0.62077,0.3001,0.0,0.0,1e-05,0.14958,0.13068,0.08422
MMR003006,1,0.00446,0.13964,0.07303,0.82917,0.20076,0.02726,0.07206,0.01709,0.23154,0.10502,0.04067,0.15835,0.20187,0.06066,0.01271,0.928,0.02413,0.0,0.0,1e-05,0.09433,0.03032,0.17077
MMR003007,1,0.00515,0.16725,0.03764,0.87087,0.16171,0.01468,0.11763,0.01341,0.26582,0.15808,0.02511,0.1421,0.16783,0.0415,0.00912,0.89569,0.06267,0.0,0.0,1e-05,0.19463,0.02943,0.16616
MMR004002,1,0.00097,0.16239,0.0508,0.50358,0.53582,0.08523,0.05967,0.00699,0.14371,0.11111,0.02523,0.23031,0.21725,0.05789,0.01868,0.73248,0.15549,0.0,0.0,9e-05,0.01341,0.03829,0.15222
MMR004003,1,0.00104,0.16136,0.03448,0.85661,0.15189,0.03178,0.02385,0.0017,0.18807,0.2531,0.01195,0.24461,0.14402,0.05437,0.01883,0.91024,0.05755,0.0,0.0,9e-05,0.0644,0.04869,0.11486
MMR004001,1,0.00097,0.15043,0.05708,0.76274,0.2737,0.06051,0.06366,0.00476,0.1902,0.25568,0.02544,0.24302,0.07889,0.04021,0.0159,0.80854,0.08415,0.0,0.0,9e-05,0.03927,0.06995,0.09692
MMR004004,1,0.00181,0.12365,0.0454,0.85396,0.15488,0.03279,0.02352,0.00312,0.09145,0.28986,0.0523,0.24256,0.16889,0.04392,0.01362,0.89484,0.06014,0.0,0.0,6e-05,0.06286,0.03185,0.10393
MMR004005,1,0.00065,0.12603,0.0317,0.85074,0.16685,0.03837,0.01672,0.00121,0.14329,0.31067,0.02813,0.24871,0.11795,0.05783,0.01258,0.90852,0.04048,0.0,0.0,0.00015,0.21716,0.01976,0.10052
MMR004006,1,0.00087,0.14807,0.05698,0.74818,0.27682,0.05622,0.03963,0.00283,0.21188,0.21087,0.02035,0.27432,0.09245,0.05151,0.01292,0.88289,0.046,0.0,0.0,7e-05,0.36611,0.00849,0.17386
MMR004007,1,0.00105,0.15325,0.0478,0.80166,0.21479,0.05133,0.05369,0.00764,0.12447,0.21879,0.02866,0.27659,0.15157,0.05475,0.01088,0.92291,0.03535,0.0,0.0,8e-05,0.17643,0.0274,0.14669
MMR004008,1,0.00043,0.15102,0.04087,0.83634,0.20067,0.05714,0.05423,0.00392,0.14532,0.17731,0.02211,0.27996,0.18123,0.04429,0.00994,0.8783,0.05582,0.0,0.0,0.0001,0.57154,0.02326,0.14682
MMR004009,1,0.00199,0.1678,0.03707,0.92003,0.09874,0.02587,0.02448,0.00817,0.29769,0.21086,0.01744,0.23113,0.12474,0.03618,0.00821,0.96239,0.01107,0.0,0.0,1e-05,0.7791,0.01062,0.1597
MMR005001,1,0.00585,0.17752,0.05475,0.80497,0.29035,0.04233,0.15326,0.02099,0.29446,0.07208,0.01584,0.13921,0.15968,0.07021,0.00605,0.86998,0.04214,0.0,0.0,1e-05,0.36117,0.13066,0.09398
MMR005002,1,0.00218,0.18753,0.05433,0.86433,0.15826,0.02154,0.05487,0.01156,0.26833,0.1047,0.09757,0.11178,0.21269,0.07505,0.00761,0.95767,0.01363,0.0,0.0,1e-05,0.65092,0.06576,0.15507
MMR005003,1,0.00214,0.1765,0.06045,0.96313,0.07613,0.02477,0.16987,0.01952,0.23548,0.12386,0.02507,0.12016,0.16592,0.06895,0.00857,0.95355,0.00915,0.0,0.0,2e-05,0.36048,0.02384,0.1888
MMR005004,1,0.00537,0.16675,0.05571,0.72632,0.3096,0.02977,0.23668,0.02877,0.24003,0.06641,0.01878,0.12476,0.14393,0.07339,0.00732,0.89485,0.03482,0.0,0.0,1e-05,0.4383,0.09998,0.11264
MMR005005,1,0.00299,0.17916,0.04819,0.94164,0.07898,0.01429,0.13843,0.0154,0.27773,0.19207,0.01041,0.13092,0.1276,0.0674,0.00718,0.97054,0.00635,0.0,0.0,1e-05,0.57065,0.0273,0.16886
MMR005006,1,0.00402,0.18993,0.05253,0.96234,0.05613,0.0152,0.1515,0.02534,0.28931,0.14632,0.01443,0.11383,0.14256,0.07176,0.00833,0.96999,0.00698,0.0,0.0,1e-05,0.57829,0.0278,0.19004
MMR005007,1,0.00605,0.1702,0.04111,0.9322,0.08622,0.01755,0.08954,0.01724,0.32285,0.20427,0.01307,0.1463,0.1065,0.05388,0.0048,0.9555,0.01371,0.0,0.0,1e-05,0.46833,0.04098,0.14353
MMR005008,1,0.0021,0.16706,0.03981,0.91161,0.12045,0.0184,0.11315,0.02058,0.31498,0.17217,0.01667,0.13247,0.12893,0.05885,0.00543,0.97023,0.01256,0.0,0.0,3e-05,0.30274,0.05701,0.13301
MMR005009,1,0.00236,0.1519,0.08137,0.86533,0.18095,0.0202,0.1143,0.02177,0.27407,0.1374,0.02328,0.1533,0.1419,0.08434,0.00959,0.9603,0.01395,0.0,0.0,2e-05,0.32723,0.03826,0.16771
MMR005010,1,0.00287,0.16542,0.05509,0.99196,0.03131,0.01505,0.13529,0.04892,0.23458,0.15187,0.01855,0.14042,0.15488,0.07232,0.00928,0.97749,0.00751,0.0,0.0,1e-05,0.54856,0.01916,0.18205
MMR005011,1,0.00339,0.15024,0.07116,0.92875,0.08848,0.01501,0.05474,0.06385,0.21913,0.20268,0.03113,0.1571,0.15724,0.07191,0.00827,0.9793,0.00921,0.0,0.0,2e-05,0.10891,0.02975,0.16215
MMR005012,1,0.00729,0.16048,0.05679,0.47081,0.59347,0.04392,0.22054,0.02959,0.21909,0.05298,0.02182,0.13672,0.15867,0.06539,0.00697,0.84821,0.05554,0.0,0.0,0.0,0.50075,0.14617,0.06478
MMR005013,1,0.00249,0.16611,0.07337,0.99027,0.0436,0.02035,0.17023,0.02715,0.25705,0.11282,0.01872,0.13921,0.14106,0.08317,0.01051,0.97466,0.00793,0.0,0.0,1e-05,0.5274,0.04107,0.17728
MMR005014,1,0.00318,0.18204,0.05113,0.95815,0.06234,0.01677,0.16127,0.01551,0.23865,0.07888,0.02492,0.1179,0.2308,0.07901,0.00906,0.96297,0.00829,0.0,0.0,0.0,0.61232,0.02064,0.18446
MMR005015,1,0.00212,0.17531,0.05426,0.8252,0.21536,0.02085,0.2318,0.04698,0.24385,0.07393,0.01702,0.11449,0.14901,0.06816,0.00801,0.95765,0.00821,0.0,0.0,2e-05,0.35151,0.0661,0.14801
MMR005020,1,0.00335,0.14194,0.05693,0.87736,0.16634,0.02106,0.12974,0.02119,0.32212,0.16648,0.00941,0.15769,0.10719,0.04149,0.00521,0.91562,0.03182,0.0,0.0,2e-05,0.24439,0.04057,0.10821
MMR005021,1,0.00244,0.13667,0.06217,0.95644,0.07301,0.02135,0.05873,0.01388,0.30455,0.28249,0.00746,0.1538,0.06958,0.06832,0.0055,0.95751,0.01963,0.0,0.0,3e-05,0.28721,0.08063,0.08303
MMR005022,1,0.00258,0.15658,0.05722,0.94321,0.10966,0.01363,0.14684,0.01964,0.26315,0.14787,0.01684,0.12803,0.18078,0.0516,0.00418,0.93967,0.02444,0.0,0.0,2e-05,0.35348,0.03988,0.11627
MMR005023,1,0.00214,0.13785,0.04644,1.04024,0.06022,0.01248,0.17339,0.01976,0.25478,0.11713,0.01165,0.14091,0.1845,0.06385,0.00419,0.97196,0.01124,0.0,0.0,4e-05,0.2288,0.0162,0.12609
MMR005024,1,0.00293,0.16817,0.05577,0.88332,0.15283,0.02083,0.13467,0.03137,0.26467,0.16573,0.01599,0.12409,0.15185,0.06815,0.00596,0.93752,0.02484,0.0,0.0,2e-05,0.37958,0.10559,0.09219
MMR005025,1,0.00145,0.15216,0.0524,0.88452,0.1724,0.0293,0.09805,0.0229,0.26965,0.15538,0.01254,0.13192,0.17918,0.06295,0.00473,0.9541,0.01253,0.0,0.0,4e-05,0.27511,0.077,0.09985
MMR005026,1,0.00228,0.13309,0.0673,0.9608,0.06371,0.02012,0.03172,0.00421,0.24806,0.19817,0.07111,0.12895,0.17258,0.08907,0.00657,0.97744,0.00932,0.0,0.0,3e-05,0.2074,0.01846,0.12696
MMR005027,1,0.00708,0.16036,0.05411,0.64269,0.38463,0.0306,0.15,0.01925,0.2032,0.09005,0.03639,0.18416,0.18985,0.06069,0.00887,0.83937,0.09798,0.0,0.0,1e-05,0.33672,0.01271,0.16731
MMR005028,1,0.00114,0.16625,0.04811,0.86974,0.1611,0.02305,0.1272,0.0189,0.32653,0.23918,0.01103,0.13448,0.06936,0.03545,0.00467,0.91163,0.02599,0.0,0.0,7e-05,0.15006,0.03604,0.16373
MMR005029,1,0.00213,0.16653,0.04909,0.98629,0.03389,0.01823,0.07601,0.01101,0.28275,0.16177,0.03106,0.15644,0.17348,0.05911,0.00574,0.96691,0.00929,0.0,0.0,3e-05,0.20278,0.00932,0.19057
MMR005030,1,0.00234,0.15996,0.04177,0.49052,0.53523,0.02262,0.1379,0.02366,0.22218,0.08188,0.027,0.18856,0.20599,0.05364,0.0074,0.82577,0.12248,0.0,0.0,2e-05,0.50241,0.03171,0.1325
MMR005031,1,0.00104,0.15891,0.04889,0.8589,0.17187,0.04315,0.10942,0.02275,0.27277,0.21889,0.01124,0.15125,0.10864,0.04229,0.00587,0.92286,0.02436,0.0,0.0,7e-05,0.14906,0.02527,0.14937
MMR005032,1,0.0023,0.14071,0.04275,0.93014,0.09106,0.02269,0.08933,0.03157,0.30596,0.20972,0.023,0.16716,0.0896,0.04777,0.00467,0.96212,0.01497,0.0,0.0,4e-05,0.1339,0.01592,0.14649
MMR005033,1,0.00077,0.15239,0.04629,0.97457,0.31178,0.04475,0.20677,0.02237,0.25678,0.13301,0.01578,0.14824,0.11469,0.02515,0.00455,0.88249,0.03274,0.0,0.0,6e-05,0.37943,0.04327,0.12297
MMR005034,1,0.00414,0.13409,0.046,1.19402,0.10691,0.01952,0.18934,0.03909,0.20762,0.12374,0.02646,0.15566,0.15665,0.04704,0.00354,0.93901,0.03103,0.0,0.0,2e-05,0.18597,0.0185,0.14131
MMR005035,1,0.0002,0.16321,0.0386,0.80055,0.27633,0.059,0.10506,0.00242,0.22575,0.26791,0.01226,0.20919,0.07287,0.02384,0.00727,0.95473,0.01272,1e-05,0.0,0.00025,0.46643,0.03244,0.12964
MMR005036,1,0.00111,0.14656,0.02063,0.9124,0.10507,0.02324,0.01942,0.00285,0.28887,0.38505,0.01574,0.14188,0.0686,0.03516,0.00583,0.96641,0.0112,0.0,0.0,2e-05,0.77989,0.00648,0.11935
MMR005037,1,0.00104,0.13762,0.01975,0.92005,0.1233,0.02443,0.018,0.00265,0.21808,0.32931,0.00284,0.20442,0.12199,0.046,0.00739,0.97768,0.0037,0.0,0.0,1e-05,0.94171,0.00658,0.10538
MMR005016,1,0.00292,0.16561,0.04562,0.97758,0.03438,0.01949,0.14863,0.03437,0.25586,0.18606,0.01544,0.15157,0.10178,0.06779,0.00686,0.97521,0.00643,0.0,0.0,1e-05,0.48398,0.02955,0.15568
MMR005018,1,0.00244,0.16643,0.0601,0.99502,0.04753,0.04114,0.19414,0.01396,0.23121,0.0935,0.02271,0.13764,0.1575,0.06846,0.00746,0.93618,0.01689,0.0,0.0,1e-05,0.56931,0.10278,0.10875
MMR005019,1,0.00293,0.17203,0.05857,0.99695,0.02918,0.01627,0.10587,0.03258,0.23418,0.17782,0.02243,0.14385,0.17088,0.07097,0.00793,0.97775,0.00658,0.0,0.0,1e-05,0.5347,0.04414,0.15701
MMR005017,1,0.00274,0.16604,0.05664,0.98794,0.03724,0.02082,0.09268,0.02465,0.23318,0.18536,0.02788,0.1643,0.154,0.0654,0.00811,0.97522,0.00592,0.0,0.0,2e-05,0.26041,0.01312,0.1809
MMR006001,1,0.00284,0.12865,0.08557,0.46696,0.61369,0.05518,0.18353,0.01721,0.20607,0.05616,0.02717,0.15097,0.18036,0.06522,0.01056,0.79916,0.08441,0.0,0.0,2e-05,0.20509,0.00935,0.19571
MMR006002,1,0.0024,0.14986,0.07396,0.98266,0.04639,0.02296,0.20136,0.02432,0.21396,0.05581,0.02764,0.1688,0.19768,0.05505,0.01301,0.91144,0.03489,0.0,1e-05,2e-05,0.1613,0.01733,0.20417
MMR006003,1,0.00215,0.09964,0.12205,0.91447,0.10956,0.02778,0.15017,0.01043,0.19373,0.0603,0.03646,0.17835,0.23495,0.06375,0.01625,0.91484,0.01705,0.0,0.0,2e-05,0.18519,0.00535,0.20595
MMR006004,1,0.00242,0.16839,0.05904,0.99064,0.06782,0.04022,0.16072,0.00883,0.24631,0.06667,0.0344,0.16858,0.18508,0.04317,0.00941,0.85594,0.0425,0.0,0.0,2e-05,0.2014,0.00726,0.2069
MMR006005,1,0.00571,0.15866,0.03996,0.61888,0.42078,0.03904,0.24122,0.01275,0.1659,0.03059,0.02627,0.17186,0.2105,0.05249,0.00868,0.65011,0.2154,0.0,0.0,1e-05,0.2973,0.02091,0.17484
MMR006006,1,0.00352,0.1642,0.03154,0.9862,0.03292,0.01888,0.21695,0.02089,0.20023,0.1093,0.01421,0.1592,0.19086,0.03221,0.00712,0.74897,0.09197,0.0,0.0,2e-05,0.337,0.02201,0.17233
MMR006007,1,0.00267,0.15432,0.04621,0.81986,0.1963,0.02941,0.14676,0.01365,0.18861,0.0544,0.03234,0.17623,0.22418,0.05831,0.0121,0.88126,0.05149,0.0,0.0,2e-05,0.38467,0.03804,0.15835
MMR006008,1,0.00214,0.1163,0.07755,0.98574,0.05364,0.02504,0.10657,0.01037,0.27117,0.09698,0.02551,0.17216,0.18836,0.04083,0.00888,0.87435,0.04601,0.0,0.0,2e-05,0.39766,0.01181,0.17506
MMR006009,1,0.00279,0.15703,0.07024,0.53408,0.51455,0.04153,0.27046,0.01737,0.15951,0.03381,0.01705,0.13323,0.23654,0.03867,0.00773,0.56601,0.24194,0.0,1e-05,1e-05,0.1243,0.01332,0.21067
MMR006010,1,0.00158,0.17129,0.03627,0.93977,0.13768,0.0507,0.21236,0.01272,0.19113,0.07155,0.0109,0.15111,0.23139,0.02641,0.00477,0.66599,0.09942,1e-05,0.0,3e-05,0.25581,0.01064,0.19109
MMR007001,1,0.00976,0.17408,0.05502,0.50685,0.54409,0.03851,0.24507,0.02276,0.1902,0.02743,0.02616,0.13859,0.19664,0.04818,0.00788,0.79262,0.09086,0.0,0.0,0.0,0.22782,0.12128,0.10413
MMR007002,1,0.00298,0.18069,0.04671,0.90512,0.11061,0.01472,0.17245,0.04025,0.19777,0.03955,0.03153,0.15207,0.23555,0.04502,0.00971,0.95671,0.01353,0.0,0.0,1e-05,0.45836,0.03103,0.18454
MMR007003,1,0.00407,0.18883,0.04726,0.92216,0.08914,0.01499,0.19285,0.04355,0.1572,0.07423,0.03204,0.15531,0.23328,0.04678,0.00787,0.97647,0.00998,0.0,0.0,1e-05,0.52964,0.02257,0.19554
MMR007004,1,0.00357,0.16746,0.04919,0.89312,0.13521,0.01651,0.20933,0.03222,0.17495,0.06973,0.03245,0.1519,0.21028,0.05017,0.00946,0.94545,0.01993,0.0,0.0,2e-05,0.29461,0.03091,0.17528
MMR007005,1,0.00408,0.16993,0.05891,0.71694,0.30287,0.02331,0.17512,0.03123,0.19803,0.05287,0.03445,0.14324,0.23451,0.06328,0.0101,0.94813,0.01653,0.0,0.0,1e-05,0.27709,0.06229,0.15167
MMR007006,1,0.00518,0.1626,0.04541,0.88423,0.12749,0.01884,0.19271,0.03133,0.15965,0.08667,0.03057,0.15103,0.2415,0.05343,0.00707,0.96286,0.01489,0.0,0.0,1e-05,0.26208,0.05385,0.12859
MMR007007,1,0.00414,0.16898,0.06154,0.82653,0.19385,0.02145,0.24678,0.03735,0.18326,0.0615,0.02207,0.13622,0.20909,0.05226,0.00883,0.94728,0.01491,0.0,0.0,1e-05,0.26744,0.05926,0.15265
MMR007008,1,0.00218,0.1546,0.05386,0.79325,0.23524,0.03264,0.14987,0.01632,0.23597,0.05592,0.03309,0.15098,0.22275,0.04821,0.00825,0.92503,0.0168,0.0,0.0,3e-05,0.25025,0.04764,0.14545
MMR007009,1,0.00516,0.17197,0.06019,0.62006,0.43873,0.05585,0.18359,0.02059,0.17749,0.04925,0.02139,0.15313,0.21559,0.06256,0.00743,0.82485,0.05419,0.0,0.0,1e-05,0.24431,0.11965,0.10063
MMR007010,1,0.00432,0.18686,0.05689,0.9126,0.11781,0.0453,0.16333,0.02504,0.21793,0.08651,0.01853,0.12928,0.20105,0.05022,0.00831,0.89505,0.02213,0.0,0.0,1e-05,0.37861,0.07485,0.14898
MMR007011,1,0.00232,0.13545,0.06991,0.91999,0.09706,0.02823,0.15263,0.02092,0.19072,0.0896,0.03218,0.16092,0.21661,0.06376,0.0114,0.94988,0.01307,0.0,0.0,3e-05,0.23769,0.02697,0.14964
MMR007012,1,0.00527,0.15831,0.0591,0.76542,0.25283,0.02442,0.16782,0.03379,0.16518,0.09487,0.02055,0.14934,0.21384,0.05945,0.00904,0.91872,0.02654,0.0,0.0,1e-05,0.25383,0.06103,0.14273
MMR007013,1,0.00328,0.16608,0.06836,0.92633,0.08993,0.02882,0.22107,0.04607,0.17214,0.0897,0.02258,0.12425,0.18793,0.04795,0.00941,0.92764,0.01326,0.0,0.0,1e-05,0.29219,0.04581,0.16805
MMR007014,1,0.00241,0.17186,0.05952,0.92781,0.08544,0.01983,0.21945,0.05182,0.13432,0.09886,0.02455,0.14986,0.2012,0.05146,0.0075,0.96412,0.01068,0.0,0.0,2e-05,0.35742,0.04893,0.15483
MMR008001,1,0.00492,0.18804,0.06017,0.49502,0.57165,0.04927,0.17349,0.02136,0.20259,0.05685,0.02172,0.12681,0.21097,0.06911,0.00656,0.824,0.09054,0.0,0.0,1e-05,0.26707,0.14874,0.0898
MMR008002,1,0.00257,0.21954,0.04345,0.90097,0.11412,0.02439,0.12186,0.01969,0.2508,0.14593,0.01642,0.08788,0.23279,0.06127,0.0053,0.95925,0.00866,0.0,0.0,2e-05,0.36322,0.03404,0.18699
MMR008003,1,0.00294,0.19862,0.0777,0.89903,0.1256,0.10724,0.09565,0.01317,0.22776,0.09092,0.02033,0.10923,0.19672,0.07379,0.0071,0.83135,0.02178,0.0,0.0,1e-05,0.27836,0.10864,0.15598
MMR008004,1,0.0028,0.21879,0.05469,0.8354,0.18969,0.02007,0.17413,0.02808,0.21946,0.10462,0.01815,0.0831,0.21988,0.06955,0.00715,0.96362,0.00853,0.0,0.0,2e-05,0.24346,0.0697,0.19127
MMR008005,1,0.00269,0.21257,0.06618,0.89326,0.12214,0.03112,0.13158,0.02512,0.25189,0.11275,0.01471,0.08708,0.20022,0.06674,0.00638,0.94882,0.0084,0.0,0.0,2e-05,0.19755,0.07956,0.18505
MMR008006,1,0.00248,0.21078,0.07166,0.87506,0.14878,0.04876,0.16668,0.0364,0.20726,0.0837,0.02172,0.09529,0.2073,0.06822,0.00818,0.93722,0.01028,0.0,0.0,2e-05,0.24416,0.08004,0.18936
MMR008007,1,0.00308,0.19582,0.05263,0.78206,0.24295,0.03216,0.18542,0.04833,0.15492,0.06278,0.03582,0.11216,0.26408,0.06372,0.00802,0.94739,0.01321,0.0,0.0,2e-05,0.34197,0.05737,0.17767
MMR008008,1,0.00365,0.19646,0.05189,0.87164,0.1416,0.02084,0.17436,0.06831,0.1334,0.06012,0.03352,0.12698,0.25988,0.05592,0.00692,0.96546,0.01145,0.0,0.0,1e-05,0.43423,0.02827,0.20917
MMR008009,1,0.00252,0.20147,0.05452,0.91807,0.09692,0.02249,0.1969,0.0492,0.15702,0.05613,0.02375,0.10637,0.27764,0.06272,0.0073,0.95132,0.01554,0.0,0.0,2e-05,0.25772,0.04202,0.20073
MMR008010,1,0.0026,0.2063,0.04951,0.92347,0.09244,0.0212,0.17894,0.03557,0.16791,0.05156,0.03622,0.10757,0.29448,0.06628,0.00726,0.97313,0.0095,0.0,0.0,2e-05,0.27247,0.04583,0.19428
MMR008011,1,0.00139,0.22115,0.05201,0.78436,0.2285,0.02733,0.1544,0.04162,0.16635,0.03699,0.04066,0.08893,0.31181,0.06784,0.00708,0.95942,0.01521,0.0,0.0,4e-05,0.24679,0.07215,0.18188
MMR008012,1,0.00355,0.22083,0.04848,0.90153,0.11138,0.01857,0.12498,0.06466,0.15519,0.05866,0.05496,0.08392,0.29645,0.06689,0.0059,0.97776,0.00531,0.0,0.0,1e-05,0.28729,0.03629,0.21524
MMR008013,1,0.00263,0.21753,0.04627,0.93606,0.07495,0.01752,0.16201,0.06206,0.19766,0.11113,0.03881,0.1113,0.19985,0.06252,0.00681,0.98372,0.00424,0.0,0.0,1e-05,0.48211,0.01537,0.23715
MMR008014,1,0.00241,0.21377,0.05052,0.81646,0.19829,0.02499,0.13944,0.06098,0.13707,0.05286,0.06052,0.0937,0.29823,0.06442,0.00647,0.94141,0.01602,0.0,0.0,2e-05,0.21886,0.04944,0.1956
MMR009001,1,0.00572,0.1931,0.05761,0.71263,0.34329,0.0525,0.2105,0.03239,0.17023,0.08533,0.01569,0.13761,0.18075,0.06385,0.00725,0.83597,0.06771,0.0,0.0,0.0,0.52517,0.09943,0.12916
MMR009002,1,0.00271,0.17151,0.0785,0.68546,0.34709,0.03665,0.14675,0.02994,0.17942,0.09675,0.02514,0.15874,0.20619,0.08285,0.01026,0.94514,0.01455,0.0,0.0,1e-05,0.5416,0.08775,0.1423
MMR009003,1,0.00379,0.17041,0.07539,0.77189,0.24833,0.04067,0.14298,0.02201,0.18471,0.07673,0.02704,0.15091,0.21889,0.07554,0.00731,0.91163,0.02306,0.0,0.0,1e-05,0.59093,0.07882,0.13961
MMR009004,1,0.0053,0.18281,0.05427,0.84126,0.18106,0.03025,0.09966,0.02655,0.25379,0.18326,0.01669,0.134,0.15845,0.0614,0.00689,0.94474,0.01301,0.0,0.0,1e-05,0.23522,0.05531,0.14941
MMR009005,1,0.00328,0.18104,0.05432,0.96463,0.05147,0.02095,0.11135,0.09858,0.19032,0.18317,0.01452,0.14101,0.16221,0.05584,0.00768,0.97532,0.00601,0.0,0.0,2e-05,0.31983,0.01256,0.18641
MMR009006,1,0.00423,0.17261,0.06599,0.94727,0.07261,0.01683,0.0849,0.11268,0.2214,0.211,0.0151,0.13839,0.1129,0.05911,0.0083,0.97658,0.00754,0.0,0.0,1e-05,0.26645,0.01755,0.16808
MMR009007,1,0.00361,0.19499,0.05851,0.85986,0.22887,0.0482,0.19013,0.02124,0.21735,0.09403,0.02185,0.13171,0.17095,0.06545,0.00713,0.88404,0.02285,0.0,0.0,1e-05,0.64048,0.08955,0.15166
MMR009008,1,0.00334,0.19414,0.05456,0.98409,0.03972,0.03109,0.25919,0.05157,0.23408,0.13362,0.00458,0.11744,0.10291,0.04423,0.00719,0.95556,0.00986,0.0,0.0,0.0,0.78616,0.06338,0.17694
MMR009009,1,0.00105,0.19823,0.04925,0.95512,0.08076,0.05371,0.07066,0.00999,0.31985,0.12481,0.01541,0.12274,0.19131,0.0652,0.00534,0.92037,0.02208,0.0,0.0,3e-05,0.55896,0.0415,0.19225
MMR009010,1,0.00485,0.18309,0.05633,0.96392,0.05235,0.0197,0.18403,0.03399,0.24364,0.16633,0.01343,0.12956,0.12855,0.05158,0.00692,0.96995,0.00834,0.0,0.0,1e-05,0.62874,0.03767,0.19089
MMR009011,1,0.00095,0.18732,0.04936,0.90043,0.14302,0.05049,0.07357,0.00515,0.35874,0.17003,0.00944,0.11113,0.12836,0.06374,0.00869,0.93729,0.00844,0.0,0.0,2e-05,0.68108,0.03146,0.18831
MMR009012,1,0.00208,0.20163,0.05911,0.84425,0.2033,0.05255,0.06362,0.00928,0.3244,0.14857,0.02067,0.09867,0.13283,0.08097,0.00712,0.91387,0.01298,0.0,0.0,2e-05,0.32789,0.06492,0.17279
MMR009013,1,0.00258,0.21459,0.04153,1.08184,0.10132,0.05281,0.11459,0.0153,0.31966,0.1477,0.01715,0.10305,0.13561,0.06736,0.00496,0.86576,0.0234,0.0,0.0,1e-05,0.48903,0.05591,0.17589
MMR009014,1,0.00122,0.22938,0.05848,0.93784,0.07867,0.0253,0.0534,0.00728,0.36984,0.25186,0.01151,0.08937,0.06676,0.09874,0.00905,0.9624,0.01184,0.0,0.0,3e-05,0.39455,0.01166,0.24523
MMR009015,1,0.00154,0.21386,0.04563,0.94877,0.07051,0.02013,0.11463,0.0232,0.35344,0.14779,0.01232,0.08977,0.12184,0.07456,0.00786,0.96589,0.01165,0.0,0.0,3e-05,0.40866,0.01384,0.21614
MMR009016,1,0.00481,0.19826,0.05186,0.79338,0.22788,0.02448,0.16085,0.02278,0.25672,0.12501,0.01453,0.10778,0.16853,0.07281,0.0076,0.90948,0.031,0.0,0.0,1e-05,0.38836,0.07036,0.15975
MMR009017,1,0.0024,0.20148,0.04768,0.97943,0.0442,0.03745,0.13283,0.02314,0.22288,0.18106,0.01677,0.10736,0.17831,0.06431,0.00867,0.94188,0.01178,0.0,0.0,2e-05,0.43122,0.01994,0.19741
MMR009018,1,0.00586,0.16174,0.07439,0.70935,0.32333,0.05604,0.20103,0.02541,0.18616,0.07974,0.02362,0.15898,0.15899,0.07071,0.01109,0.84129,0.04919,0.0,0.0,0.0,0.58019,0.134,0.09057
MMR009019,1,0.00442,0.15125,0.07237,0.90719,0.11022,0.02154,0.13171,0.01965,0.26703,0.15474,0.02145,0.14715,0.12921,0.06825,0.00936,0.95656,0.01044,0.0,0.0,1e-05,0.59915,0.05117,0.14753
MMR009020,1,0.00462,0.17554,0.06667,0.98466,0.0348,0.01828,0.13478,0.00942,0.22036,0.10633,0.03383,0.14578,0.21425,0.07676,0.01018,0.94952,0.01387,0.0,0.0,0.0,0.51776,0.01557,0.17926
MMR009021,1,0.00352,0.17185,0.05918,0.97371,0.0432,0.0234,0.12344,0.01038,0.20958,0.12323,0.03732,0.15747,0.21216,0.06505,0.0112,0.96148,0.0098,0.0,0.0,1e-05,0.51595,0.01659,0.19107
MMR009022,1,0.00208,0.17229,0.06315,0.94156,0.09126,0.05052,0.09733,0.01203,0.20304,0.12191,0.02527,0.16225,0.22719,0.05832,0.00747,0.93811,0.01007,0.0,0.0,2e-05,0.36876,0.02926,0.18535
MMR009023,1,0.00269,0.18183,0.05037,0.92657,0.10821,0.04094,0.11706,0.01625,0.28521,0.13669,0.02489,0.13536,0.1524,0.06104,0.01125,0.93006,0.02701,0.0,0.0,2e-05,0.36293,0.03922,0.16903
MMR009024,1,0.001,0.16365,0.05718,0.92976,0.09481,0.03475,0.04849,0.01061,0.23541,0.34503,0.0184,0.11265,0.08608,0.08293,0.01116,0.96411,0.01605,0.0,0.0,6e-05,0.28143,0.01585,0.19061
MMR009025,1,0.00139,0.18085,0.05825,0.8887,0.14215,0.03703,0.09001,0.0073,0.33251,0.20409,0.02196,0.12232,0.08923,0.07486,0.01051,0.93027,0.02962,0.0,0.0,3e-05,0.51638,0.0155,0.20745
MMR010001,1,0.00504,0.15029,0.05561,0.0,1.10045,0.05594,0.26903,0.02406,0.17201,0.03583,0.01607,0.13967,0.16033,0.06116,0.0054,0.58511,0.21737,0.0,0.0,0.0,0.36374,0.19447,0.01128
MMR010002,1,0.00334,0.14521,0.06263,0.0,1.23134,0.05428,0.26421,0.02886,0.17266,0.03294,0.0174,0.1485,0.16091,0.06152,0.00469,0.58709,0.20612,0.0,1e-05,1e-05,0.21373,0.20295,0.00484
MMR010003,1,0.00454,0.13918,0.05339,0.0,1.10742,0.0372,0.2438,0.02505,0.19308,0.02966,0.02124,0.1448,0.18361,0.05604,0.00567,0.62475,0.2071,0.0,0.0,1e-05,0.32354,0.1776,0.0148
MMR010004,1,0.00558,0.15151,0.04698,0.0,1.06187,0.03753,0.27924,0.02001,0.17648,0.03768,0.01939,0.14573,0.1827,0.0633,0.00596,0.57178,0.26733,0.0,0.0,0.0,0.50804,0.17167,0.02637
MMR010005,1,0.00458,0.15971,0.04021,0.0,1.08313,0.02294,0.3618,0.02606,0.13017,0.02169,0.0153,0.13201,0.18674,0.05237,0.00523,0.52139,0.312,0.0,0.0,0.0,0.55346,0.1429,0.05546
MMR010006,1,0.00468,0.13071,0.09071,0.6996,0.36063,0.03456,0.31142,0.02205,0.17621,0.0385,0.01183,0.12014,0.1562,0.0636,0.00717,0.75378,0.10281,0.0,0.0,1e-05,0.53486,0.1315,0.08129
MMR010007,1,0.00516,0.11057,0.10376,1.01376,0.05291,0.03701,0.33128,0.02619,0.16335,0.03592,0.0109,0.11771,0.16203,0.05331,0.00556,0.79555,0.09319,0.0,0.0,0.0,0.61179,0.10384,0.10118
MMR010008,1,0.00479,0.1798,0.05253,0.42096,0.69105,0.08546,0.19702,0.01738,0.20305,0.08322,0.01343,0.15001,0.15173,0.05375,0.00489,0.64587,0.14111,0.0,1e-05,0.0,0.35617,0.14948,0.06045
MMR010009,1,0.00525,0.18473,0.04821,0.92854,0.09626,0.01665,0.25187,0.01972,0.21729,0.0907,0.01736,0.11429,0.1842,0.05564,0.00663,0.90289,0.02548,0.0,0.0,0.0,0.65192,0.05659,0.16111
MMR010010,1,0.00321,0.18485,0.03957,0.97605,0.04804,0.01564,0.1772,0.01304,0.21387,0.09829,0.02815,0.12306,0.22485,0.05919,0.00537,0.91223,0.03229,0.0,0.0,1e-05,0.6453,0.05057,0.15857
MMR010011,1,0.00327,0.16078,0.06379,0.57049,0.49447,0.01485,0.18704,0.00936,0.25118,0.04839,0.02945,0.18035,0.17566,0.06497,0.00712,0.8399,0.0917,0.0,0.0,1e-05,0.54754,0.11425,0.09123
MMR010012,1,0.00316,0.18378,0.03497,0.98968,0.09086,0.02484,0.22672,0.01983,0.20956,0.0952,0.01764,0.13478,0.19868,0.03721,0.00456,0.88504,0.03711,0.0,0.0,0.0,0.7045,0.02637,0.16204
MMR010013,1,0.00518,0.18346,0.04924,0.87187,0.16711,0.04147,0.24719,0.0256,0.17786,0.05156,0.02517,0.1203,0.22373,0.05442,0.00512,0.86836,0.03438,0.0,0.0,0.0,0.73233,0.07496,0.14633
MMR010014,1,0.00296,0.17601,0.06073,0.99149,0.05845,0.03916,0.28612,0.02066,0.18727,0.03932,0.01411,0.10779,0.19611,0.06608,0.00568,0.87436,0.03401,0.0,0.0,0.0,0.71369,0.08915,0.12997
MMR010015,1,0.004,0.19312,0.04688,0.91943,0.10088,0.02862,0.24585,0.03377,0.19246,0.0792,0.01486,0.12032,0.19949,0.05789,0.00669,0.94821,0.01358,0.0,0.0,0.0,0.77726,0.04667,0.17422
MMR010016,1,0.00282,0.18407,0.05746,0.93443,0.09171,0.02243,0.12897,0.01309,0.2842,0.08816,0.01856,0.1102,0.23123,0.06989,0.0067,0.95629,0.01027,0.0,0.0,0.0,0.6917,0.05628,0.16105
MMR010017,1,0.00559,0.16826,0.06442,0.70316,0.32737,0.02323,0.22138,0.03364,0.21424,0.10612,0.0219,0.13088,0.13693,0.06932,0.00842,0.90885,0.0364,0.0,0.0,0.0,0.65324,0.0845,0.12615
MMR010018,1,0.00445,0.17035,0.06317,0.93269,0.0821,0.02678,0.13771,0.0144,0.22361,0.09472,0.02483,0.16078,0.21323,0.06662,0.00828,0.9675,0.00842,0.0,0.0,0.0,0.6945,0.04837,0.15573
MMR010019,1,0.00364,0.17798,0.05705,0.94245,0.07354,0.01686,0.12845,0.02019,0.24743,0.07571,0.0329,0.12027,0.25029,0.07065,0.00925,0.97679,0.00727,0.0,0.0,0.0,0.70611,0.03397,0.17337
MMR010020,1,0.00535,0.17276,0.06908,0.85511,0.16711,0.02427,0.13546,0.01549,0.23736,0.16112,0.01678,0.14392,0.15616,0.06864,0.00667,0.96186,0.01239,0.0,0.0,1e-05,0.41316,0.0566,0.16604
MMR010021,1,0.00254,0.17855,0.0504,0.96351,0.05823,0.0166,0.1156,0.01649,0.3193,0.13037,0.01502,0.11423,0.16777,0.07344,0.00783,0.95794,0.00862,0.0,0.0,0.0,0.68525,0.02344,0.17672
MMR010022,1,0.00484,0.17396,0.06064,0.79937,0.23405,0.02576,0.19308,0.01404,0.21471,0.10359,0.01728,0.13377,0.18007,0.0576,0.008,0.93755,0.01957,0.0,0.0,0.0,0.59751,0.06643,0.13962
MMR010023,1,0.00495,0.18894,0.05251,0.97153,0.1168,0.02428,0.12669,0.01797,0.28089,0.13801,0.0181,0.12622,0.18567,0.05992,0.00699,0.95388,0.01415,0.0,0.0,1e-05,0.28448,0.03086,0.16944
MMR010024,1,0.00531,0.17516,0.05619,0.89642,0.12661,0.01861,0.14002,0.01527,0.29122,0.1221,0.01695,0.13156,0.17243,0.06261,0.0063,0.95569,0.01351,0.0,0.0,1e-05,0.3072,0.03274,0.15963
MMR010028,1,0.00608,0.16642,0.06837,0.67973,0.38258,0.07653,0.15249,0.02104,0.19727,0.06085,0.02152,0.16071,0.20431,0.07442,0.00694,0.82386,0.05713,0.0,0.0,0.0,0.50059,0.10069,0.11527
MMR010029,1,0.00284,0.17253,0.07189,0.92096,0.10157,0.02053,0.14784,0.02364,0.21367,0.17636,0.02067,0.12568,0.1662,0.06833,0.00972,0.97008,0.01101,0.0,0.0,1e-05,0.58694,0.03074,0.18109
MMR010030,1,0.00407,0.17741,0.05279,0.93388,0.10543,0.04263,0.14926,0.01795,0.23201,0.10961,0.02832,0.13101,0.19405,0.0585,0.00728,0.91647,0.01809,0.0,0.0,1e-05,0.4366,0.05384,0.15401
MMR010031,1,0.0047,0.18956,0.0484,0.87601,0.14463,0.01654,0.2029,0.02559,0.25541,0.13778,0.01058,0.10751,0.14367,0.07124,0.00635,0.96362,0.01068,0.0,0.0,0.0,0.65809,0.05714,0.15725
MMR011001,1,0.00563,0.14563,0.06724,0.13209,0.94005,0.05275,0.17814,0.01745,0.18417,0.04479,0.02664,0.15353,0.20278,0.06854,0.00995,0.7447,0.13361,0.0,0.0,1e-05,0.08232,0.16182,0.04989
MMR011002,1,0.00385,0.14958,0.06121,1.00163,0.05974,0.01594,0.1439,0.02068,0.17446,0.05716,0.03735,0.14158,0.24711,0.05206,0.0115,0.92934,0.01692,0.0,0.0,2e-05,0.09283,0.06031,0.14362
MMR011003,1,0.0025,0.15272,0.08039,0.95433,0.06446,0.02616,0.1664,0.02454,0.1339,0.04246,0.05513,0.13686,0.26715,0.06736,0.01304,0.96489,0.0126,0.0,0.0,2e-05,0.20784,0.00631,0.21291
MMR011004,1,0.00339,0.16481,0.05832,0.69789,0.3523,0.02293,0.26667,0.02838,0.23764,0.14875,0.02544,0.13478,0.04486,0.04929,0.0125,0.85538,0.06259,0.0,0.0,2e-05,0.15328,0.09136,0.12708
MMR011005,1,0.00375,0.15864,0.06035,0.76997,0.29253,0.02852,0.21347,0.03925,0.16811,0.04744,0.04626,0.12114,0.21309,0.05838,0.01173,0.92323,0.029,0.0,0.0,1e-05,0.13103,0.10294,0.11215
MMR011006,1,0.00527,0.16082,0.0509,0.83874,0.20554,0.0221,0.15093,0.01941,0.21776,0.04859,0.03752,0.14206,0.24022,0.05464,0.01107,0.85477,0.07957,0.0,0.0,1e-05,0.2085,0.00835,0.19877
MMR011007,1,0.00476,0.14729,0.0644,0.80257,0.24134,0.03443,0.17795,0.0241,0.15483,0.04215,0.02877,0.15064,0.22267,0.06,0.01066,0.90595,0.02891,0.0,0.0,1e-05,0.22301,0.08757,0.11723
MMR011008,1,0.00442,0.14362,0.06281,0.89238,0.13896,0.02162,0.14473,0.03015,0.13656,0.04323,0.03951,0.14815,0.26118,0.06278,0.01178,0.9337,0.02324,0.0,0.0,1e-05,0.15675,0.08028,0.11959
MMR011009,1,0.00349,0.16845,0.05926,0.89265,0.21059,0.0359,0.19876,0.02154,0.21643,0.04847,0.01799,0.14878,0.1919,0.05629,0.0079,0.84549,0.04547,0.0,0.0,1e-05,0.27321,0.08518,0.13679
MMR011010,1,0.00363,0.16697,0.05846,0.93485,0.10569,0.02495,0.15469,0.0241,0.19843,0.07089,0.02445,0.15214,0.19997,0.05304,0.00898,0.93487,0.01535,0.0,0.0,2e-05,0.2639,0.04979,0.16649
MMR012001,1,0.00291,0.13161,0.07627,0.33758,0.72131,0.09139,0.13047,0.02113,0.15063,0.02862,0.05097,0.17211,0.22401,0.05991,0.00556,0.76732,0.06523,0.0,0.0,1e-05,0.42034,0.09872,0.10449
MMR012002,1,0.00266,0.14925,0.04924,0.91713,0.09943,0.01865,0.04355,0.02197,0.16442,0.05687,0.07549,0.16517,0.28557,0.056,0.00557,0.97363,0.00805,0.0,0.0,2e-05,0.52094,0.00996,0.18476
MMR012007,1,0.003,0.16506,0.04764,0.92787,0.08854,0.01476,0.12174,0.03966,0.13758,0.06598,0.0718,0.15082,0.27668,0.04673,0.00554,0.95924,0.00763,0.0,0.0,1e-05,0.54708,0.01289,0.1957
MMR012008,1,0.00229,0.13784,0.08346,0.94976,0.06829,0.02853,0.05788,0.03997,0.11888,0.08889,0.06901,0.18157,0.24879,0.06234,0.00903,0.94133,0.00818,0.0,0.0,2e-05,0.57791,0.0201,0.19182
MMR012003,1,0.00389,0.16757,0.05503,0.82278,0.19372,0.02068,0.16241,0.04815,0.14279,0.06807,0.06488,0.14843,0.24906,0.05295,0.00737,0.92797,0.0145,0.0,0.0,1e-05,0.71119,0.01745,0.19124
MMR012004,1,0.00356,0.15592,0.05777,0.89941,0.11413,0.02836,0.08363,0.04042,0.16851,0.11132,0.04659,0.16938,0.223,0.05541,0.00579,0.94561,0.01049,0.0,0.0,1e-05,0.62219,0.0221,0.18418
MMR012005,1,0.00346,0.17088,0.05008,0.88234,0.13841,0.02532,0.10851,0.03702,0.13882,0.0808,0.09297,0.14944,0.21717,0.04665,0.00693,0.93469,0.01764,0.0,0.0,1e-05,0.53028,0.00988,0.20265
MMR012006,1,0.00281,0.1935,0.03883,0.93132,0.08574,0.01482,0.076,0.03121,0.24652,0.09192,0.05292,0.1655,0.21032,0.0469,0.00636,0.88155,0.03727,0.0,0.0,2e-05,0.38556,0.01743,0.20502
MMR012009,1,0.00078,0.1591,0.05119,0.75413,0.33208,0.12995,0.06615,0.02443,0.1985,0.10173,0.04227,0.1402,0.19997,0.03081,0.00391,0.84777,0.03736,1e-05,0.0,5e-05,0.4653,0.08174,0.11865
MMR012010,1,0.00109,0.16913,0.04726,0.88046,0.18657,0.10521,0.0463,0.02401,0.18634,0.11071,0.04108,0.15667,0.22255,0.03269,0.00501,0.82351,0.01287,1e-05,0.0,2e-05,0.54847,0.05483,0.15345
MMR012011,1,0.00325,0.1883,0.05112,0.92828,0.13406,0.03644,0.10109,0.0169,0.25775,0.06144,0.04417,0.15393,0.21014,0.06563,0.00694,0.90125,0.03652,0.0,0.0,2e-05,0.22716,0.04919,0.18666
MMR012012,1,0.00117,0.19781,0.06525,0.92336,0.09366,0.02745,0.03523,0.01838,0.23879,0.09208,0.02899,0.11408,0.25864,0.09107,0.00823,0.95833,0.01602,0.0,0.0,6e-05,0.14225,0.0178,0.24118
MMR012013,1,0.00199,0.18085,0.05426,0.92311,0.10356,0.02277,0.05633,0.02253,0.24846,0.11692,0.04268,0.1517,0.20031,0.08141,0.00866,0.96543,0.01463,0.0,0.0,4e-05,0.10353,0.00542,0.22765
MMR012014,1,0.00241,0.20111,0.03564,0.96229,0.07368,0.03985,0.07117,0.00885,0.28987,0.06391,0.04093,0.14624,0.22604,0.04658,0.00573,0.89923,0.03436,0.0,0.0,2e-05,0.36288,0.01071,0.21773
MMR012015,1,0.0026,0.20072,0.04834,0.95499,0.11482,0.03671,0.17202,0.01523,0.22015,0.05645,0.02589,0.11784,0.2311,0.08087,0.0072,0.88547,0.05413,0.0,0.0,3e-05,0.12228,0.05016,0.19208
MMR012016,1,0.00321,0.18832,0.04062,0.80831,0.22175,0.027,0.08007,0.01113,0.28225,0.07756,0.03661,0.147,0.20367,0.06677,0.00697,0.89026,0.05166,0.0,0.0,2e-05,0.13711,0.02739,0.19355
MMR012017,1,0.00135,0.22759,0.04069,0.78394,0.23828,0.02964,0.15402,0.02693,0.21211,0.0639,0.02654,0.11598,0.23835,0.07354,0.00851,0.89057,0.04969,0.0,0.0,4e-05,0.19335,0.03247,0.22699
MMR013001,1,0.00582,0.16241,0.05867,0.0,1.09426,0.06073,0.28948,0.01305,0.14029,0.01959,0.02358,0.14464,0.18027,0.07032,0.00729,0.55646,0.24525,0.0,0.0,1e-05,0.10938,0.19861,0.02234
MMR013002,1,0.00609,0.17281,0.05433,0.45628,0.67966,0.07845,0.30994,0.01104,0.11994,0.01872,0.01951,0.13715,0.19089,0.0558,0.00584,0.49812,0.31088,0.0,0.0,1e-05,0.14808,0.20308,0.02388
MMR013003,1,0.00482,0.19675,0.04763,0.94622,0.11235,0.05885,0.24806,0.01364,0.16064,0.04216,0.02008,0.14488,0.19533,0.05661,0.00706,0.74758,0.10191,0.0,0.0,1e-05,0.32205,0.13816,0.10327
MMR013004,1,0.00516,0.18321,0.05127,0.93215,0.16196,0.05696,0.24857,0.01777,0.13649,0.03042,0.01826,0.14467,0.21002,0.05068,0.0077,0.80737,0.05374,0.0,0.0,1e-05,0.29149,0.12971,0.10134
MMR013005,1,0.00566,0.1985,0.04862,0.6981,0.32458,0.03213,0.22994,0.03184,0.1515,0.05942,0.02013,0.12659,0.22098,0.05105,0.007,0.88825,0.03815,0.0,0.0,1e-05,0.34165,0.08166,0.15912
MMR013006,1,0.003,0.19944,0.03848,0.95119,0.06272,0.01455,0.27409,0.02605,0.15847,0.06669,0.01391,0.1321,0.20591,0.04341,0.00768,0.86639,0.0639,0.0,0.0,1e-05,0.44451,0.04774,0.18011
MMR013007,1,0.00686,0.17275,0.05167,0.19386,0.85111,0.03022,0.35257,0.01228,0.13088,0.01866,0.02134,0.13503,0.18986,0.06196,0.00743,0.55137,0.35223,0.0,0.0,1e-05,0.22064,0.16476,0.05919
MMR013008,1,0.01384,0.17844,0.04571,0.3101,0.72668,0.01555,0.44381,0.01386,0.10883,0.01367,0.01562,0.11007,0.19166,0.04278,0.00623,0.3945,0.54722,0.0,0.0,0.0,0.21721,0.17108,0.05257
MMR013009,1,0.0042,0.14962,0.06557,0.0,1.04058,0.04005,0.23677,0.01865,0.14308,0.01616,0.02278,0.14703,0.21308,0.08191,0.00641,0.57186,0.31674,1e-05,0.0,1e-05,0.02373,0.20931,0.00586
MMR013010,1,0.00139,0.14367,0.07547,0.0,1.06219,0.07923,0.25166,0.01924,0.1195,0.0169,0.02684,0.14118,0.18602,0.09578,0.00687,0.53986,0.22867,3e-05,1e-05,2e-05,0.01325,0.21688,0.00225
MMR013011,1,0.00321,0.14903,0.0639,0.0,1.0484,0.0445,0.24931,0.01822,0.15347,0.01677,0.02968,0.14215,0.20252,0.09408,0.00753,0.57827,0.28587,0.0,1e-05,1e-05,0.04119,0.20906,0.0
MMR013012,1,0.00654,0.1504,0.05633,0.0,1.06402,0.03722,0.2795,0.0162,0.16968,0.01812,0.02536,0.14082,0.19014,0.07329,0.00841,0.60716,0.30637,0.0,0.0,1e-05,0.0877,0.18952,0.01708
MMR013013,1,0.00443,0.15221,0.06191,0.0,1.03894,0.04742,0.26078,0.01454,0.15753,0.0203,0.02977,0.1413,0.20374,0.07318,0.0089,0.51091,0.30403,0.0,0.0,1e-05,0.04783,0.20461,0.00944
MMR013014,1,0.00152,0.14175,0.05649,0.0,1.03635,0.0332,0.27135,0.01175,0.15891,0.01682,0.02461,0.13974,0.23371,0.06235,0.00844,0.50448,0.40079,1e-05,0.0,4e-05,0.04018,0.1919,0.00623
MMR013015,1,0.00326,0.15337,0.0728,0.0,1.05739,0.04377,0.2336,0.02511,0.13979,0.03127,0.02998,0.14028,0.21269,0.08848,0.00635,0.63085,0.29915,2e-05,0.0,0.0,0.00486,0.2255,0.0
MMR013016,1,0.00095,0.15156,0.07571,0.0,1.06854,0.04087,0.21176,0.02881,0.12627,0.03352,0.02606,0.13732,0.22062,0.1005,0.00471,0.66621,0.24762,8e-05,0.0,0.0,0.01038,0.22581,0.0
MMR013017,1,0.00076,0.16017,0.06887,0.0,1.11822,0.11134,0.21863,0.02723,0.09597,0.02549,0.02405,0.14317,0.2071,0.08281,0.00751,0.53209,0.15922,0.0001,0.0,1e-05,0.01894,0.22733,0.0
MMR013018,1,0.00748,0.16564,0.04919,0.0,1.0371,0.0262,0.32055,0.01189,0.13059,0.01909,0.02289,0.13627,0.21824,0.06255,0.00836,0.53168,0.37084,0.0,0.0,1e-05,0.15315,0.18085,0.03355
MMR013019,1,0.00419,0.15789,0.05496,0.0,1.01654,0.04609,0.25457,0.01548,0.13256,0.0207,0.02567,0.14959,0.20458,0.10169,0.00803,0.54044,0.34547,0.0,1e-05,1e-05,0.08807,0.19921,0.0
MMR013020,1,0.00324,0.16482,0.05361,0.06044,1.00635,0.03383,0.29446,0.01373,0.14003,0.02441,0.02135,0.14089,0.20173,0.06304,0.0085,0.55642,0.29753,0.0,0.0,2e-05,0.22098,0.15383,0.06245
MMR013021,1,0.00332,0.19189,0.04604,0.10904,0.94202,0.02208,0.36798,0.01047,0.12953,0.02116,0.01904,0.12284,0.21229,0.04742,0.00761,0.52484,0.38111,1e-05,0.0,1e-05,0.33573,0.13546,0.10075
MMR013022,1,0.00263,0.14412,0.06136,0.0,1.05042,0.05702,0.22215,0.02062,0.14202,0.03036,0.0254,0.14416,0.23655,0.07515,0.00751,0.53928,0.26183,3e-05,0.0,1e-05,0.01671,0.20286,0.0026
MMR013023,1,0.0053,0.18559,0.05699,0.71674,0.33894,0.05604,0.23694,0.01451,0.1432,0.04444,0.01903,0.13358,0.21209,0.05958,0.00928,0.72697,0.1639,0.0,0.0,1e-05,0.31763,0.11499,0.1208
MMR013024,1,0.00338,0.21128,0.05054,0.71412,0.31819,0.02141,0.2485,0.04368,0.14094,0.05594,0.0247,0.11907,0.26688,0.05028,0.00758,0.88005,0.07172,0.0,0.0,1e-05,0.4755,0.07621,0.16864
MMR013025,1,0.00325,0.20525,0.05242,0.83471,0.1801,0.01465,0.22236,0.04877,0.14612,0.11191,0.01563,0.1209,0.21692,0.04634,0.00811,0.96373,0.01796,0.0,0.0,1e-05,0.45309,0.04535,0.17782
MMR013026,1,0.00325,0.20149,0.05054,0.80161,0.21141,0.01497,0.2457,0.04433,0.14739,0.073,0.02052,0.13403,0.21483,0.05434,0.00818,0.96848,0.01602,0.0,0.0,1e-05,0.43791,0.0413,0.19444
MMR013027,1,0.00462,0.18791,0.0452,0.83002,0.19466,0.0185,0.21492,0.02844,0.21471,0.0871,0.02175,0.15328,0.18854,0.04803,0.00957,0.91384,0.03634,0.0,0.0,1e-05,0.5348,0.03815,0.18287
MMR013028,1,0.00243,0.20396,0.05195,0.94876,0.07387,0.01873,0.19539,0.04504,0.24357,0.17171,0.01303,0.14532,0.09174,0.0386,0.01123,0.947,0.02202,0.0,0.0,1e-05,0.60016,0.05035,0.19285
MMR013029,1,0.00229,0.20847,0.05024,0.86693,0.15172,0.01937,0.15164,0.04283,0.16007,0.05172,0.02348,0.14546,0.24659,0.05105,0.0104,0.95161,0.02501,0.0,0.0,1e-05,0.51697,0.06202,0.18082
MMR013030,1,0.00355,0.17317,0.04937,0.31398,0.70066,0.0338,0.23269,0.01601,0.15493,0.02185,0.04123,0.13666,0.24256,0.05012,0.0099,0.69843,0.20513,0.0,0.0,1e-05,0.40088,0.10724,0.11151
MMR013031,1,0.00069,0.17966,0.05278,0.0,1.02262,0.02543,0.32403,0.0054,0.13204,0.01394,0.02598,0.14948,0.24252,0.04794,0.01025,0.79001,0.16108,0.0,0.0,9e-05,0.29059,0.17759,0.0
MMR013032,1,2e-05,0.2756,0.02389,0.0,1.65529,0.19256,0.52156,0.00827,0.03721,0.04371,0.00413,0.06615,0.10455,0.01418,0.00413,0.37607,0.03989,0.0004,0.00011,0.00136,0.01425,0.27816,0.0
MMR013033,1,0.00054,0.14673,0.0909,0.0,1.15916,0.05593,0.24177,0.0344,0.13137,0.03558,0.02879,0.12499,0.18606,0.09536,0.0088,0.68742,0.21585,0.00016,0.0,0.0,0.0,0.23748,0.0
MMR013034,1,0.00065,0.13451,0.07498,0.0,1.0641,0.02037,0.21255,0.04377,0.1504,0.05009,0.02088,0.13389,0.24492,0.07607,0.00827,0.75225,0.18513,0.00014,1e-05,0.0,0.0,0.20943,0.0
MMR013035,1,0.00076,0.14925,0.08763,0.0,1.2991,0.05092,0.31296,0.03515,0.11706,0.03266,0.02473,0.13384,0.1591,0.08104,0.00559,0.62728,0.22235,0.0001,1e-05,0.0,0.00384,0.23654,0.0
MMR013036,1,0.00038,0.14751,0.09878,0.0,1.37971,0.0454,0.32219,0.04552,0.12623,0.03946,0.0231,0.12174,0.15679,0.08037,0.00933,0.71362,0.18645,0.0002,2e-05,0.0,0.0,0.24619,0.0
MMR013037,1,0.00101,0.15951,0.0656,0.0,1.14132,0.07843,0.27863,0.02224,0.11899,0.02453,0.0259,0.13554,0.1852,0.08019,0.00568,0.52691,0.21292,6e-05,0.0,1e-05,0.03345,0.22287,0.0
MMR013038,1,0.00223,0.15783,0.0583,0.0,1.0451,0.03787,0.26048,0.01922,0.17479,0.02627,0.02531,0.13017,0.19305,0.07055,0.00683,0.67492,0.24686,2e-05,0.0,1e-05,0.13286,0.18434,0.0
MMR013039,1,0.00182,0.15382,0.08275,0.0,1.14205,0.04642,0.26983,0.02041,0.12844,0.02191,0.02861,0.14302,0.17444,0.09733,0.00546,0.63019,0.27424,4e-05,0.0,1e-05,0.00107,0.23604,0.0
MMR013040,1,0.00307,0.15751,0.06558,0.0,1.08911,0.06282,0.28405,0.02135,0.13546,0.02417,0.02788,0.14105,0.17258,0.07978,0.00662,0.53589,0.30091,2e-05,0.0,1e-05,0.01638,0.22064,0.0
MMR013041,1,0.00152,0.1516,0.0726,0.0,1.16331,0.07687,0.31238,0.02439,0.10064,0.01925,0.03217,0.15313,0.1444,0.07679,0.00474,0.53414,0.27818,5e-05,1e-05,1e-05,0.00853,0.22364,0.0
MMR013042,1,0.00375,0.15498,0.0608,0.0,1.10161,0.05902,0.29692,0.02345,0.12331,0.02683,0.02773,0.14251,0.17329,0.07268,0.00622,0.52338,0.28954,1e-05,0.0,1e-05,0.03389,0.21156,0.0
MMR013043,1,0.00043,0.15502,0.07068,0.0,1.22849,0.1526,0.25484,0.03592,0.08169,0.01462,0.02651,0.15229,0.14279,0.08134,0.00698,0.40386,0.10221,0.00017,1e-05,2e-05,0.00825,0.22471,0.0
MMR013044,1,0.00164,0.15112,0.07004,0.0,1.22767,0.06424,0.28898,0.02985,0.12063,0.02673,0.02238,0.12458,0.14915,0.08039,0.00556,0.55073,0.24423,3e-05,1e-05,1e-05,0.01108,0.2201,0.00107
MMR013045,1,4e-05,0.17101,0.0346,0.0,1.41725,0.16165,0.29081,0.01307,0.09311,0.05705,0.00713,0.17591,0.14976,0.02496,0.00119,0.02195,0.19024,0.00104,0.00072,0.00032,0.01463,0.20211,0.0
MMR014001,1,0.0086,0.17563,0.05465,0.41285,0.65045,0.04011,0.185,0.02046,0.2417,0.11462,0.0157,0.16108,0.12183,0.05304,0.00625,0.70952,0.15993,0.0,0.0,0.0,0.37108,0.1376,0.04237
MMR014002,1,0.00372,0.19239,0.04651,0.97054,0.09082,0.01803,0.21052,0.02636,0.30486,0.12869,0.00837,0.12131,0.09374,0.04677,0.00911,0.8634,0.01431,0.0,0.0,1e-05,0.39727,0.0896,0.07765
MMR014003,1,0.00219,0.18632,0.04875,0.85087,0.21712,0.03986,0.09587,0.01394,0.33953,0.2393,0.00495,0.12139,0.07103,0.03628,0.00508,0.93724,0.01844,0.0,1e-05,1e-05,0.53801,0.03599,0.09616
MMR014004,1,0.00309,0.17914,0.04243,0.95306,0.08163,0.01649,0.07396,0.00709,0.40341,0.23543,0.00673,0.12785,0.06136,0.03472,0.00522,0.91538,0.02276,0.0,0.0,1e-05,0.49434,0.00869,0.08748
MMR014005,1,0.00372,0.17074,0.06133,0.72015,0.32445,0.0402,0.16075,0.01432,0.27284,0.20611,0.01159,0.12343,0.10046,0.04316,0.00548,0.85337,0.04107,0.0,1e-05,0.0,0.37684,0.10394,0.0759
MMR014006,1,0.0016,0.16882,0.06047,0.8958,0.14065,0.02055,0.10091,0.0109,0.24164,0.33877,0.0081,0.13413,0.05711,0.05326,0.00514,0.97857,0.0069,0.0,2e-05,0.0,0.30438,0.06885,0.07887
MMR014007,1,0.00165,0.1751,0.0571,0.98731,0.05716,0.02034,0.05936,0.00532,0.33389,0.25495,0.00973,0.13111,0.09825,0.04821,0.00685,0.97624,0.00681,0.0,1e-05,1e-05,0.29213,0.0164,0.15717
MMR014008,1,0.00325,0.18297,0.03607,0.81528,0.24267,0.05822,0.07771,0.01013,0.30322,0.22555,0.00965,0.12841,0.11158,0.04223,0.00524,0.88562,0.0287,0.0,0.0,1e-05,0.42548,0.05612,0.08781
MMR014009,1,0.00386,0.18846,0.03871,0.94342,0.09441,0.02115,0.06354,0.0073,0.36954,0.27636,0.00974,0.13668,0.04479,0.04016,0.00609,0.95205,0.00905,0.0,1e-05,1e-05,0.34437,0.07107,0.08131
MMR014010,1,0.00211,0.1715,0.02667,0.85889,0.16326,0.02982,0.05229,0.02253,0.35432,0.24014,0.01001,0.18447,0.05837,0.02648,0.00529,0.91147,0.02495,0.0,1e-05,2e-05,0.1546,0.06635,0.05902
MMR014011,1,0.00247,0.1594,0.05497,0.70832,0.34222,0.03263,0.05744,0.00736,0.32457,0.24286,0.0157,0.12909,0.0957,0.05283,0.00598,0.89145,0.04749,0.0,0.0,2e-05,0.35409,0.07727,0.07826
MMR014012,1,0.00099,0.13964,0.04605,0.86256,0.16903,0.02301,0.03698,0.00833,0.37266,0.18195,0.0271,0.10299,0.14808,0.05296,0.00484,0.95324,0.01274,0.0,2e-05,3e-05,0.41354,0.05554,0.08171
MMR014013,1,0.0023,0.16406,0.04651,0.7588,0.30155,0.05318,0.0695,0.01726,0.29177,0.24679,0.00959,0.10667,0.13498,0.03335,0.00313,0.84118,0.0586,0.0,1e-05,1e-05,0.4478,0.07331,0.07234
MMR014014,1,0.00104,0.18477,0.03769,0.7599,0.30681,0.05062,0.04125,0.01158,0.34599,0.23035,0.01292,0.0752,0.12943,0.05488,0.00539,0.93185,0.01544,0.0,1e-05,2e-05,0.46054,0.0183,0.15574
MMR014015,1,0.00147,0.16206,0.04626,0.93502,0.11795,0.02878,0.03301,0.01289,0.32194,0.29329,0.00933,0.08024,0.13687,0.03826,0.00466,0.9654,0.00571,0.0,0.0,2e-05,0.53378,0.01689,0.12149
MMR014016,1,0.0015,0.18048,0.04661,0.88533,0.14766,0.01094,0.04603,0.0135,0.31578,0.1856,0.00844,0.07795,0.22236,0.06157,0.00561,0.9692,0.01065,0.0,0.0,2e-05,0.45812,0.02832,0.131
MMR014017,1,0.00143,0.19121,0.04012,0.8816,0.1791,0.01624,0.1107,0.00553,0.35557,0.23283,0.00506,0.10676,0.10105,0.02882,0.00381,0.91662,0.04872,0.0,0.0,2e-05,0.41665,0.00685,0.11483
MMR014018,1,0.0008,0.18577,0.06324,0.79233,0.25897,0.0478,0.09051,0.0384,0.35086,0.13479,0.01106,0.07613,0.12783,0.06748,0.00993,0.92009,0.01414,0.0,1e-05,3e-05,0.17124,0.11887,0.09196
MMR014019,1,0.00077,0.1783,0.0526,0.5355,0.53768,0.06366,0.06515,0.01519,0.30681,0.15968,0.013,0.09175,0.16399,0.05233,0.00677,0.864,0.02522,1e-05,2e-05,3e-05,0.35109,0.12292,0.07884
MMR014020,1,0.00067,0.18224,0.04061,0.8856,0.16177,0.02349,0.0449,0.01212,0.42825,0.25264,0.00792,0.08389,0.07247,0.0409,0.00553,0.96163,0.00737,0.0,1e-05,4e-05,0.4772,0.03798,0.09715
MMR014021,1,0.00049,0.18474,0.04591,0.72135,0.38174,0.08253,0.11269,0.0096,0.35176,0.12396,0.02078,0.08962,0.10952,0.04232,0.00485,0.85279,0.02417,1e-05,1e-05,6e-05,0.37779,0.10484,0.09718
MMR015001,1,0.00638,0.13183,0.08042,0.48728,0.56987,0.03958,0.13999,0.01264,0.26345,0.08455,0.01715,0.16468,0.16763,0.06413,0.00659,0.74407,0.15296,0.0,0.0,0.0,0.39233,0.11267,0.04876
MMR015002,1,0.00113,0.16649,0.05088,0.87673,0.16889,0.04506,0.0728,0.01748,0.29793,0.16915,0.01115,0.12547,0.15316,0.0606,0.00524,0.90373,0.0253,0.0,2e-05,0.0,0.43518,0.0492,0.06097
MMR015003,1,0.00118,0.16539,0.06939,0.92182,0.12412,0.02339,0.02612,0.00703,0.35369,0.23661,0.00856,0.06992,0.16785,0.0435,0.00584,0.96481,0.00608,0.0,0.0,2e-05,0.6214,0.01578,0.11961
MMR015004,1,0.00347,0.15412,0.05699,0.83624,0.20187,0.01576,0.07366,0.01405,0.31489,0.22533,0.01427,0.07884,0.15081,0.04901,0.00463,0.95006,0.02123,0.0,0.0,1e-05,0.64319,0.00478,0.09572
MMR015009,1,0.00322,0.16434,0.04767,0.50275,0.60919,0.01977,0.19784,0.01955,0.27705,0.19366,0.01801,0.12741,0.05981,0.04972,0.00421,0.68756,0.26006,0.0,1e-05,0.0,0.41724,0.15914,0.05084
MMR015010,1,0.00217,0.14621,0.05933,0.73672,0.2905,0.01815,0.13773,0.01434,0.21193,0.2806,0.01369,0.15781,0.08477,0.05406,0.00702,0.92002,0.0438,0.0,1e-05,1e-05,0.48872,0.10115,0.09674
MMR015011,1,0.00356,0.14029,0.04761,0.79081,0.23217,0.02018,0.04665,0.01102,0.27573,0.12234,0.03948,0.18912,0.1975,0.06306,0.00546,0.91269,0.04239,0.0,0.0,0.0,0.53663,0.04973,0.08262
MMR015012,1,0.00339,0.16949,0.06622,0.78497,0.27549,0.02548,0.14055,0.02891,0.3154,0.1602,0.00878,0.12255,0.09809,0.05749,0.00642,0.8795,0.06151,0.0,0.0,0.0,0.50486,0.0769,0.09459
MMR015013,1,0.00292,0.18723,0.04341,0.93775,0.13472,0.02177,0.14275,0.0267,0.29124,0.22455,0.00967,0.11148,0.09464,0.0486,0.00652,0.89644,0.03078,0.0,1e-05,0.0,0.40082,0.05415,0.08449
MMR015014,1,0.00349,0.17915,0.04762,0.92885,0.12502,0.02408,0.08876,0.01746,0.31182,0.25805,0.00838,0.09469,0.1143,0.04717,0.00509,0.92173,0.03229,0.0,0.0,1e-05,0.54493,0.05442,0.07406
MMR015015,1,0.00101,0.17427,0.06595,0.7661,0.27441,0.03159,0.07156,0.01438,0.29192,0.19317,0.02306,0.14249,0.12424,0.06209,0.00701,0.74805,0.08058,0.0,1e-05,2e-05,0.52289,0.10508,0.0661
MMR015016,1,0.00139,0.14773,0.05829,1.02469,0.06229,0.01618,0.11966,0.03085,0.30657,0.25314,0.00538,0.14494,0.04722,0.04353,0.00849,0.86847,0.03464,0.0,0.0,5e-05,0.30194,0.03904,0.13281
MMR015017,1,0.00123,0.15112,0.08087,0.90181,0.17435,0.04413,0.1349,0.01391,0.26925,0.10155,0.03142,0.12463,0.1797,0.06334,0.00618,0.92785,0.01802,0.0,0.0,1e-05,0.66027,0.01264,0.12631
MMR015018,1,0.00086,0.16944,0.04001,1.07143,0.07864,0.02408,0.112,0.03108,0.29238,0.13981,0.02447,0.13092,0.17538,0.04508,0.00607,0.94822,0.02861,0.0,0.0,7e-05,0.31974,0.00733,0.10832
MMR015019,1,0.00078,0.1573,0.04893,0.92605,0.11011,0.01918,0.02969,0.00956,0.34741,0.2648,0.01387,0.14801,0.07216,0.03904,0.00683,0.9577,0.01666,0.0,0.0,2e-05,0.73057,0.02244,0.14084
MMR015020,1,0.00115,0.16017,0.02757,0.96152,0.10024,0.03048,0.07774,0.00704,0.28576,0.26152,0.01114,0.12057,0.12273,0.04827,0.00672,0.89771,0.03503,0.0,1e-05,1e-05,0.57564,0.00811,0.10402
MMR015022,1,0.00175,0.15217,0.02886,0.81418,0.31687,0.03963,0.13735,0.02202,0.23503,0.13053,0.02256,0.14369,0.15836,0.0515,0.00457,0.83242,0.09255,1e-05,2e-05,1e-05,0.12641,0.16207,0.01161
MMR015023,1,0.00124,0.14334,0.01892,0.98131,0.02703,0.00972,0.03638,0.0064,0.27923,0.36406,0.02508,0.11387,0.09129,0.05149,0.00653,0.97889,0.00755,0.0,0.0,2e-05,0.32571,0.02547,0.115
MMR015021,1,0.00124,0.15727,0.03143,0.6837,0.34426,0.02286,0.12717,0.01134,0.37158,0.13098,0.01537,0.1214,0.11126,0.05492,0.00566,0.91726,0.03664,0.0,2e-05,1e-05,0.48413,0.10157,0.03797
MMR015008,1,0.00145,0.13723,0.01335,0.93749,0.08153,0.00699,0.01539,0.01386,0.47904,0.15287,0.02167,0.12144,0.07439,0.05789,0.0022,0.98669,0.00919,0.0,0.0,6e-05,0.22547,0.08181,0.01623
MMR015007,1,0.00202,0.13337,0.01073,0.96617,0.03544,0.00124,0.00392,0.01938,0.49574,0.14625,0.02207,0.13351,0.07304,0.04114,0.0053,0.99485,0.00365,0.0,0.0,4e-05,0.39903,0.04314,0.04797
MMR015024,1,0.0004,0.15727,0.0169,1.02047,0.01533,0.0337,0.02507,0.0071,0.25147,0.39329,0.00442,0.0645,0.13226,0.04334,0.00435,0.91893,0.00241,2e-05,0.0,5e-05,0.6965,0.0201,0.11874
MMR015005,1,0.00185,0.16541,0.02006,1.00997,0.18432,0.01424,0.20305,0.02212,0.27498,0.17812,0.01478,0.08979,0.10973,0.04283,0.00374,0.82384,0.10901,1e-05,1e-05,1e-05,0.43945,0.08935,0.06228
MMR015006,1,0.00239,0.13152,0.01208,1.00424,0.00846,0.00379,0.03036,0.00953,0.42242,0.19167,0.02806,0.09796,0.0832,0.05238,0.0046,0.99326,0.00297,0.0,0.0,3e-05,0.45126,0.03056,0.04744
MMR016001,1,0.00338,0.17094,0.03924,0.78492,0.27301,0.05552,0.08219,0.01226,0.26025,0.19649,0.01428,0.12694,0.14756,0.04551,0.005,0.84957,0.04138,0.0,1e-05,1e-05,0.18644,0.06492,0.13263
MMR016002,1,0.00089,0.17004,0.0181,0.97766,0.06628,0.02653,0.0145,0.005,0.33,0.23131,0.009,0.0443,0.18913,0.05836,0.00303,0.95888,0.00586,0.0,1e-05,6e-05,0.37994,0.01899,0.14847
MMR016003,1,0.00215,0.17098,0.01742,0.99696,0.04822,0.00804,0.04962,0.03625,0.27563,0.32756,0.01405,0.08868,0.1049,0.05119,0.00325,0.96403,0.02391,0.0,1e-05,2e-05,0.20759,0.05604,0.11985
MMR016005,1,0.00058,0.17096,0.01712,0.81669,0.73862,0.00407,0.31243,0.01875,0.20368,0.21132,0.01951,0.04898,0.09321,0.03184,0.00186,0.95065,0.0336,0.0,3e-05,0.00014,0.06682,0.11282,0.07009
MMR016006,1,0.00203,0.17264,0.02375,0.97833,0.09706,0.04158,0.1826,0.00743,0.26892,0.13829,0.00837,0.12044,0.15173,0.03091,0.00464,0.88096,0.02622,0.0,1e-05,1e-05,0.53236,0.07198,0.12058
MMR016007,1,0.00137,0.17231,0.02954,0.90956,0.13517,0.02712,0.03372,0.0043,0.33174,0.30726,0.01245,0.0616,0.13487,0.04016,0.00439,0.95458,0.00639,0.0,0.0,2e-05,0.58102,0.01768,0.16935
MMR016008,1,0.0013,0.17599,0.02573,0.97733,0.15182,0.03512,0.19057,0.00702,0.3307,0.12537,0.01287,0.11041,0.12482,0.03112,0.00553,0.85696,0.03298,0.0,1e-05,2e-05,0.54373,0.01874,0.17609
MMR016009,1,0.00349,0.1767,0.04822,0.70777,0.35086,0.0254,0.21204,0.01639,0.26593,0.10828,0.01948,0.10654,0.14561,0.0482,0.00466,0.68431,0.21918,1e-05,1e-05,0.0,0.16219,0.13473,0.08227
MMR016010,1,0.00059,0.18442,0.03393,0.86708,0.21512,0.08478,0.05665,0.00775,0.30024,0.19868,0.01164,0.09551,0.15107,0.04734,0.00294,0.87007,0.01979,2e-05,2e-05,5e-05,0.31841,0.03007,0.15201
MMR016011,1,0.00157,0.2056,0.02242,0.98177,0.0776,0.02337,0.05144,0.01153,0.37085,0.26615,0.01131,0.08048,0.09365,0.05726,0.00598,0.95191,0.01442,0.0,1e-05,3e-05,0.15184,0.05914,0.12426
MMR017002,1,0.00367,0.20459,0.03984,0.94948,0.0631,0.017,0.20944,0.06663,0.14781,0.08175,0.01872,0.12846,0.22065,0.03943,0.01074,0.96669,0.01324,0.0,0.0,1e-05,0.48138,0.01592,0.21961
MMR017007,1,0.00335,0.21031,0.04729,0.91452,0.09987,0.01545,0.26248,0.0655,0.15101,0.0867,0.01436,0.12366,0.19754,0.04372,0.01063,0.98502,0.00536,0.0,0.0,1e-05,0.61154,0.01882,0.22498
MMR017005,1,0.00486,0.2075,0.0477,0.90844,0.10281,0.01666,0.21252,0.05224,0.15673,0.07847,0.01934,0.13256,0.21949,0.05019,0.0103,0.97963,0.00662,0.0,0.0,0.0,0.64122,0.0245,0.2208
MMR017004,1,0.00669,0.20364,0.0355,0.92268,0.08964,0.0183,0.18278,0.03616,0.19405,0.06921,0.02805,0.13178,0.24717,0.0496,0.00902,0.89323,0.03897,0.0,0.0,1e-05,0.2658,0.01532,0.21123
MMR017001,1,0.00738,0.19231,0.05001,0.54733,0.53008,0.05043,0.20544,0.02533,0.1792,0.04389,0.02127,0.13152,0.21629,0.05518,0.00827,0.82332,0.0895,0.0,0.0,1e-05,0.24924,0.09068,0.14442
MMR017006,1,0.00399,0.21512,0.04985,0.86065,0.15345,0.01987,0.16754,0.06042,0.15524,0.05691,0.02225,0.12464,0.26065,0.05495,0.00888,0.96808,0.00976,0.0,0.0,1e-05,0.47708,0.03642,0.21104
MMR017003,1,0.00318,0.1997,0.04438,0.9642,0.04785,0.03072,0.17643,0.05968,0.16343,0.08915,0.01842,0.14035,0.22161,0.03883,0.00865,0.95824,0.00612,0.0,0.0,2e-05,0.33577,0.0144,0.21658
MMR017025,1,0.00389,0.19095,0.04391,0.90654,0.13142,0.01507,0.18474,0.03647,0.18914,0.08714,0.0163,0.13404,0.20468,0.04685,0.00977,0.96482,0.01758,0.0,0.0,1e-05,0.55415,0.02071,0.20316
MMR017026,1,0.00412,0.18884,0.05706,0.94905,0.0775,0.01531,0.20348,0.05063,0.16973,0.06128,0.01959,0.14206,0.25002,0.04564,0.00954,0.94896,0.02302,0.0,0.0,1e-05,0.62115,0.01571,0.20833
MMR017023,1,0.00639,0.18401,0.04256,0.85397,0.17131,0.01689,0.20582,0.02779,0.16196,0.04639,0.02057,0.14601,0.25069,0.04511,0.0103,0.86863,0.05823,0.0,0.0,0.0,0.55012,0.03429,0.17996
MMR017024,1,0.00662,0.19606,0.04355,0.88116,0.1363,0.01518,0.17642,0.04215,0.18293,0.08222,0.01614,0.14469,0.21196,0.04075,0.01069,0.89296,0.05125,0.0,0.0,0.0,0.36463,0.02005,0.20405
MMR017021,1,0.00438,0.19717,0.0467,0.91189,0.11648,0.01858,0.18638,0.02199,0.25474,0.08771,0.01069,0.12243,0.19297,0.05124,0.01004,0.95774,0.01195,0.0,0.0,1e-05,0.50343,0.02046,0.21477
MMR017022,1,0.00369,0.19985,0.05365,0.89179,0.12315,0.01867,0.17946,0.02755,0.18918,0.05945,0.01611,0.11852,0.2265,0.05937,0.01037,0.9798,0.00647,0.0,0.0,1e-05,0.5647,0.02358,0.21934
MMR017020,1,0.00545,0.19308,0.03761,0.9368,0.07585,0.01269,0.13491,0.03573,0.2906,0.12475,0.02792,0.11873,0.14121,0.0458,0.00852,0.98558,0.00416,0.0,0.0,1e-05,0.6218,0.01318,0.20932
MMR017019,1,0.0064,0.18898,0.04514,0.88354,0.14056,0.02142,0.19604,0.04822,0.20531,0.09341,0.01488,0.14678,0.1829,0.049,0.00857,0.95226,0.01778,0.0,0.0,1e-05,0.52336,0.0292,0.19602
MMR017014,1,0.00608,0.18539,0.0417,0.82343,0.20144,0.02316,0.19482,0.0375,0.19014,0.07102,0.02077,0.13781,0.21122,0.05361,0.00992,0.93378,0.03139,0.0,0.0,1e-05,0.37992,0.03541,0.18641
MMR017017,1,0.00593,0.18711,0.05038,0.93987,0.0781,0.01598,0.17622,0.05414,0.21653,0.09297,0.02249,0.1329,0.18285,0.05303,0.00946,0.96264,0.01708,0.0,0.0,1e-05,0.45899,0.02139,0.20963
MMR017015,1,0.004,0.18966,0.05236,0.94061,0.07061,0.01575,0.18783,0.05099,0.17891,0.07484,0.01393,0.13183,0.23603,0.04577,0.00912,0.97667,0.00868,0.0,0.0,1e-05,0.5467,0.01703,0.21891
MMR017018,1,0.00642,0.19269,0.05076,0.90516,0.10701,0.01334,0.19127,0.04075,0.20933,0.08071,0.01554,0.13059,0.18399,0.04738,0.01249,0.92399,0.03977,0.0,0.0,1e-05,0.38997,0.01223,0.22139
MMR017016,1,0.00646,0.20992,0.03414,0.91,0.10786,0.01354,0.15346,0.04294,0.23124,0.06993,0.02201,0.12695,0.24299,0.03752,0.00955,0.88208,0.05993,0.0,0.0,1e-05,0.36351,0.02083,0.21337
MMR017012,1,0.00197,0.22777,0.05639,0.81035,0.20627,0.03783,0.1538,0.02614,0.239,0.06899,0.02513,0.08701,0.21904,0.06823,0.0074,0.93648,0.01609,0.0,0.0,3e-05,0.20438,0.05649,0.20419
MMR017009,1,0.00347,0.20142,0.05179,0.88437,0.12791,0.01645,0.21518,0.05705,0.19241,0.09003,0.01113,0.12306,0.18113,0.05466,0.01028,0.98274,0.00532,0.0,0.0,1e-05,0.55023,0.03297,0.21263
MMR017011,1,0.0045,0.2148,0.06318,0.90944,0.10462,0.02144,0.24003,0.05246,0.2215,0.09074,0.01721,0.10933,0.15706,0.05945,0.01029,0.96091,0.00841,0.0,0.0,1e-05,0.34636,0.04125,0.22619
MMR017010,1,0.00211,0.2082,0.05105,0.98948,0.02822,0.01914,0.20348,0.0577,0.16726,0.06882,0.01982,0.12947,0.23096,0.05587,0.00884,0.97733,0.00423,0.0,0.0,2e-05,0.46209,0.01304,0.22116
MMR017008,1,0.00691,0.2009,0.05927,0.76928,0.25302,0.02677,0.18479,0.06114,0.21345,0.07768,0.02003,0.12723,0.18359,0.06339,0.01028,0.95352,0.01824,0.0,0.0,0.0,0.59546,0.0586,0.19241
MMR017013,1,0.00439,0.21653,0.05515,0.95452,0.06323,0.02005,0.13722,0.03367,0.21501,0.06409,0.03295,0.11268,0.21073,0.06206,0.00975,0.96982,0.00641,0.0,0.0,1e-05,0.44563,0.02916,0.22998
MMR018003,1,0.00439,0.19291,0.05284,0.83302,0.19795,0.04245,0.16804,0.02392,0.22352,0.14609,0.01022,0.13902,0.15694,0.04975,0.00628,0.914,0.01936,0.0,0.0,1e-05,0.34437,0.04461,0.16652
MMR018001,1,0.00218,0.20339,0.04652,0.73019,0.33646,0.16452,0.17704,0.00992,0.11817,0.04853,0.01954,0.1535,0.19991,0.04226,0.00388,0.62846,0.04245,1e-05,0.0,2e-05,0.23402,0.15239,0.09394
MMR018008,1,0.00158,0.21023,0.03623,0.76159,0.31638,0.0705,0.28046,0.01849,0.16341,0.06587,0.00929,0.13606,0.18318,0.0354,0.00411,0.74819,0.05391,0.0,0.0,2e-05,0.37415,0.07354,0.15685
MMR018005,1,0.00228,0.19914,0.05359,0.65942,0.40668,0.09807,0.21806,0.01955,0.13078,0.0288,0.04731,0.14599,0.22245,0.04993,0.005,0.66538,0.09954,0.0,0.0,2e-05,0.23019,0.12125,0.12591
MMR018006,1,0.0037,0.17002,0.05354,0.65132,0.40588,0.04949,0.20293,0.02181,0.21291,0.04311,0.02378,0.14416,0.19192,0.05812,0.00691,0.78078,0.10771,0.0,0.0,1e-05,0.27948,0.1465,0.07203
MMR018007,1,0.00578,0.18646,0.04877,0.91745,0.10903,0.03461,0.23627,0.03978,0.21342,0.101,0.01166,0.15267,0.14263,0.04137,0.00717,0.92345,0.01777,0.0,0.0,1e-05,0.34393,0.05732,0.16076
MMR018002,1,0.0019,0.19919,0.0899,0.0644,1.14886,0.36361,0.18229,0.00975,0.07099,0.01503,0.01672,0.10389,0.14643,0.03708,0.00303,0.21835,0.081,3e-05,0.0,0.0,0.13321,0.26286,0.02586
MMR018004,1,0.00057,0.20713,0.04803,1.02593,0.84579,0.02266,0.44008,0.01578,0.09347,0.05876,0.0081,0.12243,0.16531,0.02825,0.00369,0.87966,0.04188,0.0,1e-05,8e-05,0.33957,0.06422,0.18463
